{"stats":{"minecraft:custom":{"minecraft:open_chest":1,"minecraft:time_since_rest":3430,"minecraft:deaths":1,"minecraft:play_time":9336,"minecraft:sprint_one_cm":51602,"minecraft:damage_taken":238,"minecraft:walk_one_cm":10678,"minecraft:walk_under_water_one_cm":3155,"minecraft:jump":100,"minecraft:damage_dealt":48,"minecraft:time_since_death":3394,"minecraft:walk_on_water_one_cm":2923,"minecraft:total_world_time":9336,"minecraft:swim_one_cm":11755,"minecraft:fall_one_cm":3074,"minecraft:fly_one_cm":93955},"minecraft:crafted":{"minecraft:oak_planks":8},"minecraft:mined":{"minecraft:grass_block":3,"minecraft:purple_bed":1,"minecraft:oak_log":2,"minecraft:dirt":2,"minecraft:spruce_leaves":1,"minecraft:bee_nest":2},"minecraft:picked_up":{"minecraft:sweet_berries":33,"minecraft:purple_bed":1,"minecraft:brown_mushroom":2,"minecraft:oak_log":2,"minecraft:dirt":5},"minecraft:used":{"minecraft:dirt":3,"minecraft:flint_and_steel":9,"minecraft:sweet_berries":3,"minecraft:purple_bed":1,"minecraft:bread":3,"minecraft:oak_planks":3}},"DataVersion":3465}