{"stats":{"minecraft:crafted":{"minecraft:oak_planks":8},"minecraft:custom":{"minecraft:time_since_rest":3453,"minecraft:open_chest":1,"minecraft:damage_taken":238,"minecraft:sprint_one_cm":51602,"minecraft:play_time":9359,"minecraft:deaths":1,"minecraft:walk_one_cm":10678,"minecraft:walk_under_water_one_cm":3155,"minecraft:jump":100,"minecraft:damage_dealt":48,"minecraft:leave_game":1,"minecraft:walk_on_water_one_cm":2923,"minecraft:time_since_death":3417,"minecraft:total_world_time":9359,"minecraft:swim_one_cm":11755,"minecraft:fall_one_cm":3074,"minecraft:fly_one_cm":96141},"minecraft:used":{"minecraft:dirt":3,"minecraft:flint_and_steel":9,"minecraft:purple_bed":1,"minecraft:sweet_berries":3,"minecraft:bread":3,"minecraft:oak_planks":3},"minecraft:picked_up":{"minecraft:purple_bed":1,"minecraft:sweet_berries":33,"minecraft:brown_mushroom":2,"minecraft:oak_log":2,"minecraft:dirt":5},"minecraft:mined":{"minecraft:purple_bed":1,"minecraft:grass_block":3,"minecraft:oak_log":2,"minecraft:dirt":2,"minecraft:spruce_leaves":1,"minecraft:bee_nest":2}},"DataVersion":3465}