{"stats":{"minecraft:picked_up":{"minecraft:purple_bed":1,"minecraft:sweet_berries":33,"minecraft:brown_mushroom":2,"minecraft:oak_log":2,"minecraft:dirt":5},"minecraft:mined":{"minecraft:purple_bed":1,"minecraft:grass_block":3,"minecraft:oak_log":2,"minecraft:dirt":2,"minecraft:spruce_leaves":1,"minecraft:bee_nest":2},"minecraft:used":{"minecraft:dirt":6,"minecraft:flint_and_steel":9,"minecraft:sweet_berries":3,"minecraft:purple_bed":1,"minecraft:grass_block":1,"minecraft:bread":3,"minecraft:oak_planks":3,"minecraft:stone":2},"minecraft:crafted":{"minecraft:oak_planks":8},"minecraft:custom":{"minecraft:time_since_rest":13089,"minecraft:open_chest":1,"minecraft:damage_taken":238,"minecraft:sprint_one_cm":76172,"minecraft:play_time":18995,"minecraft:deaths":1,"minecraft:walk_one_cm":15392,"minecraft:sneak_time":16,"minecraft:walk_under_water_one_cm":3466,"minecraft:jump":434,"minecraft:damage_dealt":106,"minecraft:leave_game":2,"minecraft:walk_on_water_one_cm":3489,"minecraft:time_since_death":13053,"minecraft:total_world_time":18995,"minecraft:swim_one_cm":11755,"minecraft:fall_one_cm":3074,"minecraft:fly_one_cm":283119}},"DataVersion":3465}