{"stats":{"minecraft:picked_up":{"minecraft:purple_bed":1,"minecraft:sweet_berries":33,"minecraft:brown_mushroom":2,"minecraft:oak_log":2,"minecraft:dirt":5},"minecraft:used":{"minecraft:firework_rocket":440,"minecraft:dirt":6,"minecraft:flint_and_steel":9,"minecraft:purple_bed":1,"minecraft:sweet_berries":3,"minecraft:grass_block":1,"minecraft:bread":3,"minecraft:elytra":1,"minecraft:oak_planks":3,"minecraft:stone":2},"minecraft:mined":{"minecraft:purple_bed":1,"minecraft:grass_block":3,"minecraft:oak_log":2,"minecraft:dirt":2,"minecraft:spruce_leaves":1,"minecraft:bee_nest":2},"minecraft:crafted":{"minecraft:oak_planks":8},"minecraft:custom":{"minecraft:time_since_rest":27572,"minecraft:open_chest":3,"minecraft:damage_taken":238,"minecraft:sprint_one_cm":80615,"minecraft:play_time":33478,"minecraft:deaths":1,"minecraft:walk_one_cm":16759,"minecraft:sneak_time":16,"minecraft:walk_under_water_one_cm":13356,"minecraft:aviate_one_cm":967648,"minecraft:jump":500,"minecraft:damage_dealt":106,"minecraft:leave_game":3,"minecraft:time_since_death":27536,"minecraft:walk_on_water_one_cm":5034,"minecraft:total_world_time":33478,"minecraft:swim_one_cm":17352,"minecraft:fall_one_cm":3074,"minecraft:fly_one_cm":400238}},"DataVersion":3465}