{"stats":{"minecraft:custom":{"minecraft:jump":21,"minecraft:time_since_rest":3100,"minecraft:crouch_one_cm":52,"minecraft:sprint_one_cm":2010,"minecraft:play_time":3100,"minecraft:damage_taken":20,"minecraft:time_since_death":3100,"minecraft:walk_one_cm":1008,"minecraft:sneak_time":116,"minecraft:total_world_time":3100,"minecraft:mob_kills":2,"minecraft:fall_one_cm":691,"minecraft:fly_one_cm":36228},"minecraft:used":{"minecraft:flint_and_steel":25},"minecraft:killed":{"minecraft:chicken":2}},"DataVersion":3465}