{"stats":{"minecraft:picked_up":{"minecraft:feather":24,"minecraft:chicken":21,"minecraft:dragon_egg":1,"minecraft:iron_ingot":3,"minecraft:ender_eye":1,"minecraft:poppy":1,"minecraft:blaze_rod":1,"minecraft:obsidian":1,"minecraft:soul_sand":1,"minecraft:nether_star":1},"minecraft:used":{"minecraft:netherite_sword":56,"minecraft:ender_eye":36,"minecraft:water_bucket":3,"minecraft:firework_rocket":347,"minecraft:wither_skeleton_skull":4,"minecraft:flint_and_steel":31,"minecraft:spruce_wood":4,"minecraft:elytra":1,"minecraft:chicken_spawn_egg":40,"minecraft:stone":1,"minecraft:netherrack":2,"minecraft:oak_leaves":2,"minecraft:bedrock":1,"minecraft:torch":1,"minecraft:fire_charge":10,"minecraft:soul_sand":5,"minecraft:bow":15,"minecraft:crafting_table":2,"minecraft:white_bed":45,"minecraft:end_stone":7,"minecraft:obsidian":37,"minecraft:milk_bucket":2},"minecraft:crafted":{"minecraft:blaze_powder":2,"minecraft:ender_eye":1},"minecraft:killed":{"minecraft:chicken":35,"minecraft:iron_golem":1,"minecraft:blaze":2},"minecraft:custom":{"minecraft:time_since_rest":84082,"minecraft:interact_with_furnace":1,"minecraft:sprint_one_cm":46504,"minecraft:damage_taken":20,"minecraft:walk_one_cm":42278,"minecraft:mob_kills":39,"minecraft:damage_dealt":3814,"minecraft:interact_with_crafting_table":2,"minecraft:fly_one_cm":404566,"minecraft:open_chest":1,"minecraft:crouch_one_cm":1128,"minecraft:play_time":84082,"minecraft:sneak_time":1023,"minecraft:walk_under_water_one_cm":9427,"minecraft:aviate_one_cm":2600055,"minecraft:jump":356,"minecraft:leave_game":5,"minecraft:walk_on_water_one_cm":4595,"minecraft:time_since_death":84056,"minecraft:climb_one_cm":100,"minecraft:total_world_time":84082,"minecraft:fall_one_cm":691}},"DataVersion":3465}