{"stats":{"minecraft:custom":{"minecraft:jump":22,"minecraft:time_since_rest":3255,"minecraft:crouch_one_cm":67,"minecraft:play_time":3255,"minecraft:sprint_one_cm":2010,"minecraft:damage_taken":20,"minecraft:time_since_death":3255,"minecraft:walk_one_cm":1033,"minecraft:sneak_time":134,"minecraft:total_world_time":3255,"minecraft:mob_kills":2,"minecraft:fall_one_cm":691,"minecraft:fly_one_cm":43961},"minecraft:used":{"minecraft:flint_and_steel":25},"minecraft:killed":{"minecraft:chicken":2}},"DataVersion":3465}