{"stats":{"minecraft:picked_up":{"minecraft:iron_ingot":3,"minecraft:poppy":1},"minecraft:used":{"minecraft:netherite_sword":10,"minecraft:oak_leaves":2,"minecraft:water_bucket":3,"minecraft:firework_rocket":88,"minecraft:flint_and_steel":25,"minecraft:spruce_wood":4,"minecraft:elytra":1,"minecraft:milk_bucket":2},"minecraft:killed":{"minecraft:iron_golem":1,"minecraft:chicken":2},"minecraft:custom":{"minecraft:time_since_rest":30518,"minecraft:crouch_one_cm":499,"minecraft:sprint_one_cm":28704,"minecraft:interact_with_furnace":1,"minecraft:play_time":30518,"minecraft:damage_taken":20,"minecraft:walk_one_cm":14540,"minecraft:sneak_time":658,"minecraft:walk_under_water_one_cm":922,"minecraft:mob_kills":3,"minecraft:aviate_one_cm":810210,"minecraft:jump":267,"minecraft:damage_dealt":990,"minecraft:leave_game":1,"minecraft:walk_on_water_one_cm":2924,"minecraft:time_since_death":30518,"minecraft:total_world_time":30518,"minecraft:fly_one_cm":234077,"minecraft:fall_one_cm":691}},"DataVersion":3465}