{"stats":{"minecraft:picked_up":{"minecraft:iron_ingot":3,"minecraft:poppy":1,"minecraft:blaze_rod":1},"minecraft:used":{"minecraft:ender_eye":6,"minecraft:netherrack":2,"minecraft:netherite_sword":16,"minecraft:oak_leaves":2,"minecraft:water_bucket":3,"minecraft:fire_charge":10,"minecraft:firework_rocket":232,"minecraft:flint_and_steel":31,"minecraft:crafting_table":2,"minecraft:spruce_wood":4,"minecraft:elytra":1,"minecraft:milk_bucket":2,"minecraft:obsidian":27},"minecraft:crafted":{"minecraft:ender_eye":1,"minecraft:blaze_powder":2},"minecraft:killed":{"minecraft:iron_golem":1,"minecraft:chicken":2,"minecraft:blaze":2},"minecraft:custom":{"minecraft:open_chest":1,"minecraft:time_since_rest":48518,"minecraft:crouch_one_cm":499,"minecraft:sprint_one_cm":32187,"minecraft:interact_with_furnace":1,"minecraft:play_time":48518,"minecraft:damage_taken":20,"minecraft:walk_one_cm":23006,"minecraft:sneak_time":803,"minecraft:walk_under_water_one_cm":922,"minecraft:mob_kills":5,"minecraft:aviate_one_cm":1904005,"minecraft:jump":320,"minecraft:damage_dealt":1380,"minecraft:leave_game":1,"minecraft:walk_on_water_one_cm":2924,"minecraft:time_since_death":48518,"minecraft:climb_one_cm":100,"minecraft:total_world_time":48518,"minecraft:interact_with_crafting_table":2,"minecraft:fly_one_cm":297491,"minecraft:fall_one_cm":691}},"DataVersion":3465}