{
  "minecraft:recipes/decorations/crafting_table": {
    "criteria": {
      "unlock_right_away": "2024-06-29 22:06:21 +0000"
    },
    "done": true
  },
  "minecraft:adventure/adventuring_time": {
    "criteria": {
      "minecraft:taiga": "2024-06-29 22:06:49 +0000",
      "minecraft:deep_ocean": "2024-06-29 22:07:44 +0000",
      "minecraft:forest": "2024-06-29 22:06:22 +0000",
      "minecraft:deep_cold_ocean": "2024-06-29 22:07:53 +0000",
      "minecraft:frozen_ocean": "2024-06-29 22:07:25 +0000",
      "minecraft:deep_frozen_ocean": "2024-06-29 22:07:35 +0000"
    },
    "done": false
  },
  "minecraft:recipes/redstone/redstone": {
    "criteria": {
      "has_redstone_block": "2024-06-29 22:08:32 +0000"
    },
    "done": true
  },
  "minecraft:adventure/root": {
    "criteria": {
      "killed_something": "2024-06-29 22:09:58 +0000"
    },
    "done": true
  },
  "DataVersion": 3465
}